,#,Name,Type,Total,HP,Attack,Defense,Sp. Atk,Sp. Def,Speed
0,1,Bulbasaur,Grass  Poison,318,45,49,49,65,65,45
1,2,Ivysaur,Grass  Poison,405,60,62,63,80,80,60
2,3,Venusaur,Grass  Poison,525,80,82,83,100,100,80
3,3,Venusaur  Mega Venusaur,Grass  Poison,625,80,100,123,122,120,80
4,4,Charmander,Fire,309,39,52,43,60,50,65
5,5,Charmeleon,Fire,405,58,64,58,80,65,80
6,6,Charizard,Fire  Flying,534,78,84,78,109,85,100
7,6,Charizard  Mega Charizard X,Fire  Dragon,634,78,130,111,130,85,100
8,6,Charizard  Mega Charizard Y,Fire  Flying,634,78,104,78,159,115,100
9,7,Squirtle,Water,314,44,48,65,50,64,43
10,8,Wartortle,Water,405,59,63,80,65,80,58
11,9,Blastoise,Water,530,79,83,100,85,105,78
12,9,Blastoise  Mega Blastoise,Water,630,79,103,120,135,115,78
13,10,Caterpie,Bug,195,45,30,35,20,20,45
14,11,Metapod,Bug,205,50,20,55,25,25,30
15,12,Butterfree,Bug  Flying,395,60,45,50,90,80,70
16,13,Weedle,Bug  Poison,195,40,35,30,20,20,50
17,14,Kakuna,Bug  Poison,205,45,25,50,25,25,35
18,15,Beedrill,Bug  Poison,395,65,90,40,45,80,75
19,15,Beedrill  Mega Beedrill,Bug  Poison,495,65,150,40,15,80,145
20,16,Pidgey,Normal  Flying,251,40,45,40,35,35,56
21,17,Pidgeotto,Normal  Flying,349,63,60,55,50,50,71
22,18,Pidgeot,Normal  Flying,479,83,80,75,70,70,101
23,18,Pidgeot  Mega Pidgeot,Normal  Flying,579,83,80,80,135,80,121
24,19,Rattata,Normal,253,30,56,35,25,35,72
25,19,Rattata  Alolan Rattata,Dark  Normal,253,30,56,35,25,35,72
26,20,Raticate,Normal,413,55,81,60,50,70,97
27,20,Raticate  Alolan Raticate,Dark  Normal,413,75,71,70,40,80,77
28,21,Spearow,Normal  Flying,262,40,60,30,31,31,70
29,22,Fearow,Normal  Flying,442,65,90,65,61,61,100
30,23,Ekans,Poison,288,35,60,44,40,54,55
31,24,Arbok,Poison,448,60,95,69,65,79,80
32,25,Pikachu,Electric,320,35,55,40,50,50,90
33,25,Pikachu  Partner Pikachu,Electric,430,45,80,50,75,60,120
34,26,Raichu,Electric,485,60,90,55,90,80,110
35,26,Raichu  Alolan Raichu,Electric  Psychic,485,60,85,50,95,85,110
36,27,Sandshrew,Ground,300,50,75,85,20,30,40
37,27,Sandshrew  Alolan Sandshrew,Ice  Steel,300,50,75,90,10,35,40
38,28,Sandslash,Ground,450,75,100,110,45,55,65
39,28,Sandslash  Alolan Sandslash,Ice  Steel,450,75,100,120,25,65,65
40,29,Nidoran♀,Poison,275,55,47,52,40,40,41
41,30,Nidorina,Poison,365,70,62,67,55,55,56
42,31,Nidoqueen,Poison  Ground,505,90,92,87,75,85,76
43,32,Nidoran♂,Poison,273,46,57,40,40,40,50
44,33,Nidorino,Poison,365,61,72,57,55,55,65
45,34,Nidoking,Poison  Ground,505,81,102,77,85,75,85
46,35,Clefairy,Fairy,323,70,45,48,60,65,35
47,36,Clefable,Fairy,483,95,70,73,95,90,60
48,37,Vulpix,Fire,299,38,41,40,50,65,65
49,37,Vulpix  Alolan Vulpix,Ice,299,38,41,40,50,65,65
50,38,Ninetales,Fire,505,73,76,75,81,100,100
51,38,Ninetales  Alolan Ninetales,Ice  Fairy,505,73,67,75,81,100,109
52,39,Jigglypuff,Normal  Fairy,270,115,45,20,45,25,20
53,40,Wigglytuff,Normal  Fairy,435,140,70,45,85,50,45
54,41,Zubat,Poison  Flying,245,40,45,35,30,40,55
55,42,Golbat,Poison  Flying,455,75,80,70,65,75,90
56,43,Oddish,Grass  Poison,320,45,50,55,75,65,30
57,44,Gloom,Grass  Poison,395,60,65,70,85,75,40
58,45,Vileplume,Grass  Poison,490,75,80,85,110,90,50
59,46,Paras,Bug  Grass,285,35,70,55,45,55,25
60,47,Parasect,Bug  Grass,405,60,95,80,60,80,30
61,48,Venonat,Bug  Poison,305,60,55,50,40,55,45
62,49,Venomoth,Bug  Poison,450,70,65,60,90,75,90
63,50,Diglett,Ground,265,10,55,25,35,45,95
64,50,Diglett  Alolan Diglett,Ground  Steel,265,10,55,30,35,45,90
65,51,Dugtrio,Ground,425,35,100,50,50,70,120
66,51,Dugtrio  Alolan Dugtrio,Ground  Steel,425,35,100,60,50,70,110
67,52,Meowth,Normal,290,40,45,35,40,40,90
68,52,Meowth  Alolan Meowth,Dark,290,40,35,35,50,40,90
69,52,Meowth  Galarian Meowth,Steel,290,50,65,55,40,40,40
70,53,Persian,Normal,440,65,70,60,65,65,115
71,53,Persian  Alolan Persian,Dark,440,65,60,60,75,65,115
72,54,Psyduck,Water,320,50,52,48,65,50,55
73,55,Golduck,Water,500,80,82,78,95,80,85
74,56,Mankey,Fighting,305,40,80,35,35,45,70
75,57,Primeape,Fighting,455,65,105,60,60,70,95
76,58,Growlithe,Fire,350,55,70,45,70,50,60
77,58,Growlithe  Hisuian Growlithe,Fire  Rock,350,60,75,45,65,50,55
78,59,Arcanine,Fire,555,90,110,80,100,80,95
79,59,Arcanine  Hisuian Arcanine,Fire  Rock,555,95,115,80,95,80,90
80,60,Poliwag,Water,300,40,50,40,40,40,90
81,61,Poliwhirl,Water,385,65,65,65,50,50,90
82,62,Poliwrath,Water  Fighting,510,90,95,95,70,90,70
83,63,Abra,Psychic,310,25,20,15,105,55,90
84,64,Kadabra,Psychic,400,40,35,30,120,70,105
85,65,Alakazam,Psychic,500,55,50,45,135,95,120
86,65,Alakazam  Mega Alakazam,Psychic,600,55,50,65,175,105,150
87,66,Machop,Fighting,305,70,80,50,35,35,35
88,67,Machoke,Fighting,405,80,100,70,50,60,45
89,68,Machamp,Fighting,505,90,130,80,65,85,55
90,69,Bellsprout,Grass  Poison,300,50,75,35,70,30,40
91,70,Weepinbell,Grass  Poison,390,65,90,50,85,45,55
92,71,Victreebel,Grass  Poison,490,80,105,65,100,70,70
93,71,Victreebel  Mega Victreebel,Grass  Poison,590,80,125,85,135,95,70
94,72,Tentacool,Water  Poison,335,40,40,35,50,100,70
95,73,Tentacruel,Water  Poison,515,80,70,65,80,120,100
96,74,Geodude,Rock  Ground,300,40,80,100,30,30,20
97,74,Geodude  Alolan Geodude,Rock  Electric,300,40,80,100,30,30,20
98,75,Graveler,Rock  Ground,390,55,95,115,45,45,35
99,75,Graveler  Alolan Graveler,Rock  Electric,390,55,95,115,45,45,35
100,76,Golem,Rock  Ground,495,80,120,130,55,65,45
101,76,Golem  Alolan Golem,Rock  Electric,495,80,120,130,55,65,45
102,77,Ponyta,Fire,410,50,85,55,65,65,90
103,77,Ponyta  Galarian Ponyta,Psychic,410,50,85,55,65,65,90
104,78,Rapidash,Fire,500,65,100,70,80,80,105
105,78,Rapidash  Galarian Rapidash,Psychic  Fairy,500,65,100,70,80,80,105
106,79,Slowpoke,Water  Psychic,315,90,65,65,40,40,15
107,79,Slowpoke  Galarian Slowpoke,Psychic,315,90,65,65,40,40,15
108,80,Slowbro,Water  Psychic,490,95,75,110,100,80,30
109,80,Slowbro  Mega Slowbro,Water  Psychic,590,95,75,180,130,80,30
110,80,Slowbro  Galarian Slowbro,Poison  Psychic,490,95,100,95,100,70,30
111,81,Magnemite,Electric  Steel,325,25,35,70,95,55,45
112,82,Magneton,Electric  Steel,465,50,60,95,120,70,70
113,83,Farfetch'd,Normal  Flying,377,52,90,55,58,62,60
114,83,Farfetch'd  Galarian Farfetch'd,Fighting,377,52,95,55,58,62,55
115,84,Doduo,Normal  Flying,310,35,85,45,35,35,75
116,85,Dodrio,Normal  Flying,470,60,110,70,60,60,110
117,86,Seel,Water,325,65,45,55,45,70,45
118,87,Dewgong,Water  Ice,475,90,70,80,70,95,70
119,88,Grimer,Poison,325,80,80,50,40,50,25
120,88,Grimer  Alolan Grimer,Poison  Dark,325,80,80,50,40,50,25
121,89,Muk,Poison,500,105,105,75,65,100,50
122,89,Muk  Alolan Muk,Poison  Dark,500,105,105,75,65,100,50
123,90,Shellder,Water,305,30,65,100,45,25,40
124,91,Cloyster,Water  Ice,525,50,95,180,85,45,70
125,92,Gastly,Ghost  Poison,310,30,35,30,100,35,80
126,93,Haunter,Ghost  Poison,405,45,50,45,115,55,95
127,94,Gengar,Ghost  Poison,500,60,65,60,130,75,110
128,94,Gengar  Mega Gengar,Ghost  Poison,600,60,65,80,170,95,130
129,95,Onix,Rock  Ground,385,35,45,160,30,45,70
130,96,Drowzee,Psychic,328,60,48,45,43,90,42
131,97,Hypno,Psychic,483,85,73,70,73,115,67
132,98,Krabby,Water,325,30,105,90,25,25,50
133,99,Kingler,Water,475,55,130,115,50,50,75
134,100,Voltorb,Electric,330,40,30,50,55,55,100
135,100,Voltorb  Hisuian Voltorb,Electric  Grass,330,40,30,50,55,55,100
136,101,Electrode,Electric,490,60,50,70,80,80,150
137,101,Electrode  Hisuian Electrode,Electric  Grass,490,60,50,70,80,80,150
138,102,Exeggcute,Grass  Psychic,325,60,40,80,60,45,40
139,103,Exeggutor,Grass  Psychic,530,95,95,85,125,75,55
140,103,Exeggutor  Alolan Exeggutor,Grass  Dragon,530,95,105,85,125,75,45
141,104,Cubone,Ground,320,50,50,95,40,50,35
142,105,Marowak,Ground,425,60,80,110,50,80,45
143,105,Marowak  Alolan Marowak,Fire  Ghost,425,60,80,110,50,80,45
144,106,Hitmonlee,Fighting,455,50,120,53,35,110,87
145,107,Hitmonchan,Fighting,455,50,105,79,35,110,76
146,108,Lickitung,Normal,385,90,55,75,60,75,30
147,109,Koffing,Poison,340,40,65,95,60,45,35
148,110,Weezing,Poison,490,65,90,120,85,70,60
149,110,Weezing  Galarian Weezing,Poison  Fairy,490,65,90,120,85,70,60
150,111,Rhyhorn,Ground  Rock,345,80,85,95,30,30,25
151,112,Rhydon,Ground  Rock,485,105,130,120,45,45,40
152,113,Chansey,Normal,450,250,5,5,35,105,50
153,114,Tangela,Grass,435,65,55,115,100,40,60
154,115,Kangaskhan,Normal,490,105,95,80,40,80,90
155,115,Kangaskhan  Mega Kangaskhan,Normal,590,105,125,100,60,100,100
156,116,Horsea,Water,295,30,40,70,70,25,60
157,117,Seadra,Water,440,55,65,95,95,45,85
158,118,Goldeen,Water,320,45,67,60,35,50,63
159,119,Seaking,Water,450,80,92,65,65,80,68
160,120,Staryu,Water,340,30,45,55,70,55,85
161,121,Starmie,Water  Psychic,520,60,75,85,100,85,115
162,122,Mr. Mime,Psychic  Fairy,460,40,45,65,100,120,90
163,122,Mr. Mime  Galarian Mr. Mime,Ice  Psychic,460,50,65,65,90,90,100
164,123,Scyther,Bug  Flying,500,70,110,80,55,80,105
165,124,Jynx,Ice  Psychic,455,65,50,35,115,95,95
166,125,Electabuzz,Electric,490,65,83,57,95,85,105
167,126,Magmar,Fire,495,65,95,57,100,85,93
168,127,Pinsir,Bug,500,65,125,100,55,70,85
169,127,Pinsir  Mega Pinsir,Bug  Flying,600,65,155,120,65,90,105
170,128,Tauros,Normal,490,75,100,95,40,70,110
171,128,Tauros  Combat Breed,Fighting,490,75,110,105,30,70,100
172,128,Tauros  Blaze Breed,Fighting  Fire,490,75,110,105,30,70,100
173,128,Tauros  Aqua Breed,Fighting  Water,490,75,110,105,30,70,100
174,129,Magikarp,Water,200,20,10,55,15,20,80
175,130,Gyarados,Water  Flying,540,95,125,79,60,100,81
176,130,Gyarados  Mega Gyarados,Water  Dark,640,95,155,109,70,130,81
177,131,Lapras,Water  Ice,535,130,85,80,85,95,60
178,132,Ditto,Normal,288,48,48,48,48,48,48
179,133,Eevee,Normal,325,55,55,50,45,65,55
180,133,Eevee  Partner Eevee,Normal,435,65,75,70,65,85,75
181,134,Vaporeon,Water,525,130,65,60,110,95,65
182,135,Jolteon,Electric,525,65,65,60,110,95,130
183,136,Flareon,Fire,525,65,130,60,95,110,65
184,137,Porygon,Normal,395,65,60,70,85,75,40
185,138,Omanyte,Rock  Water,355,35,40,100,90,55,35
186,139,Omastar,Rock  Water,495,70,60,125,115,70,55
187,140,Kabuto,Rock  Water,355,30,80,90,55,45,55
188,141,Kabutops,Rock  Water,495,60,115,105,65,70,80
189,142,Aerodactyl,Rock  Flying,515,80,105,65,60,75,130
190,142,Aerodactyl  Mega Aerodactyl,Rock  Flying,615,80,135,85,70,95,150
191,143,Snorlax,Normal,540,160,110,65,65,110,30
192,144,Articuno,Ice  Flying,580,90,85,100,95,125,85
193,144,Articuno  Galarian Articuno,Psychic  Flying,580,90,85,85,125,100,95
194,145,Zapdos,Electric  Flying,580,90,90,85,125,90,100
195,145,Zapdos  Galarian Zapdos,Fighting  Flying,580,90,125,90,85,90,100
196,146,Moltres,Fire  Flying,580,90,100,90,125,85,90
197,146,Moltres  Galarian Moltres,Dark  Flying,580,90,85,90,100,125,90
198,147,Dratini,Dragon,300,41,64,45,50,50,50
199,148,Dragonair,Dragon,420,61,84,65,70,70,70
200,149,Dragonite,Dragon  Flying,600,91,134,95,100,100,80
201,149,Dragonite  Mega Dragonite,Dragon  Flying,700,91,124,115,145,125,100
202,150,Mewtwo,Psychic,680,106,110,90,154,90,130
203,150,Mewtwo  Mega Mewtwo X,Psychic  Fighting,780,106,190,100,154,100,130
204,150,Mewtwo  Mega Mewtwo Y,Psychic,780,106,150,70,194,120,140
205,151,Mew,Psychic,600,100,100,100,100,100,100
206,152,Chikorita,Grass,318,45,49,65,49,65,45
207,153,Bayleef,Grass,405,60,62,80,63,80,60
208,154,Meganium,Grass,525,80,82,100,83,100,80
209,155,Cyndaquil,Fire,309,39,52,43,60,50,65
210,156,Quilava,Fire,405,58,64,58,80,65,80
211,157,Typhlosion,Fire,534,78,84,78,109,85,100
212,157,Typhlosion  Hisuian Typhlosion,Fire  Ghost,534,73,84,78,119,85,95
213,158,Totodile,Water,314,50,65,64,44,48,43
214,159,Croconaw,Water,405,65,80,80,59,63,58
215,160,Feraligatr,Water,530,85,105,100,79,83,78
216,161,Sentret,Normal,215,35,46,34,35,45,20
217,162,Furret,Normal,415,85,76,64,45,55,90
218,163,Hoothoot,Normal  Flying,262,60,30,30,36,56,50
219,164,Noctowl,Normal  Flying,452,100,50,50,86,96,70
220,165,Ledyba,Bug  Flying,265,40,20,30,40,80,55
221,166,Ledian,Bug  Flying,390,55,35,50,55,110,85
222,167,Spinarak,Bug  Poison,250,40,60,40,40,40,30
223,168,Ariados,Bug  Poison,400,70,90,70,60,70,40
224,169,Crobat,Poison  Flying,535,85,90,80,70,80,130
225,170,Chinchou,Water  Electric,330,75,38,38,56,56,67
226,171,Lanturn,Water  Electric,460,125,58,58,76,76,67
227,172,Pichu,Electric,205,20,40,15,35,35,60
228,173,Cleffa,Fairy,218,50,25,28,45,55,15
229,174,Igglybuff,Normal  Fairy,210,90,30,15,40,20,15
230,175,Togepi,Fairy,245,35,20,65,40,65,20
231,176,Togetic,Fairy  Flying,405,55,40,85,80,105,40
232,177,Natu,Psychic  Flying,320,40,50,45,70,45,70
233,178,Xatu,Psychic  Flying,470,65,75,70,95,70,95
234,179,Mareep,Electric,280,55,40,40,65,45,35
235,180,Flaaffy,Electric,365,70,55,55,80,60,45
236,181,Ampharos,Electric,510,90,75,85,115,90,55
237,181,Ampharos  Mega Ampharos,Electric  Dragon,610,90,95,105,165,110,45
238,182,Bellossom,Grass,490,75,80,95,90,100,50
239,183,Marill,Water  Fairy,250,70,20,50,20,50,40
240,184,Azumarill,Water  Fairy,420,100,50,80,60,80,50
241,185,Sudowoodo,Rock,410,70,100,115,30,65,30
242,186,Politoed,Water,500,90,75,75,90,100,70
243,187,Hoppip,Grass  Flying,250,35,35,40,35,55,50
244,188,Skiploom,Grass  Flying,340,55,45,50,45,65,80
245,189,Jumpluff,Grass  Flying,460,75,55,70,55,95,110
246,190,Aipom,Normal,360,55,70,55,40,55,85
247,191,Sunkern,Grass,180,30,30,30,30,30,30
248,192,Sunflora,Grass,425,75,75,55,105,85,30
249,193,Yanma,Bug  Flying,390,65,65,45,75,45,95
250,194,Wooper,Water  Ground,210,55,45,45,25,25,15
251,194,Wooper  Paldean Wooper,Poison  Ground,210,55,45,45,25,25,15
252,195,Quagsire,Water  Ground,430,95,85,85,65,65,35
253,196,Espeon,Psychic,525,65,65,60,130,95,110
254,197,Umbreon,Dark,525,95,65,110,60,130,65
255,198,Murkrow,Dark  Flying,405,60,85,42,85,42,91
256,199,Slowking,Water  Psychic,490,95,75,80,100,110,30
257,199,Slowking  Galarian Slowking,Poison  Psychic,490,95,65,80,110,110,30
258,200,Misdreavus,Ghost,435,60,60,60,85,85,85
259,201,Unown,Psychic,336,48,72,48,72,48,48
260,202,Wobbuffet,Psychic,405,190,33,58,33,58,33
261,203,Girafarig,Normal  Psychic,455,70,80,65,90,65,85
262,204,Pineco,Bug,290,50,65,90,35,35,15
263,205,Forretress,Bug  Steel,465,75,90,140,60,60,40
264,206,Dunsparce,Normal,415,100,70,70,65,65,45
265,207,Gligar,Ground  Flying,430,65,75,105,35,65,85
266,208,Steelix,Steel  Ground,510,75,85,200,55,65,30
267,208,Steelix  Mega Steelix,Steel  Ground,610,75,125,230,55,95,30
268,209,Snubbull,Fairy,300,60,80,50,40,40,30
269,210,Granbull,Fairy,450,90,120,75,60,60,45
270,211,Qwilfish,Water  Poison,440,65,95,85,55,55,85
271,211,Qwilfish  Hisuian Qwilfish,Dark  Poison,440,65,95,85,55,55,85
272,212,Scizor,Bug  Steel,500,70,130,100,55,80,65
273,212,Scizor  Mega Scizor,Bug  Steel,600,70,150,140,65,100,75
274,213,Shuckle,Bug  Rock,505,20,10,230,10,230,5
275,214,Heracross,Bug  Fighting,500,80,125,75,40,95,85
276,214,Heracross  Mega Heracross,Bug  Fighting,600,80,185,115,40,105,75
277,215,Sneasel,Dark  Ice,430,55,95,55,35,75,115
278,215,Sneasel  Hisuian Sneasel,Fighting  Poison,430,55,95,55,35,75,115
279,216,Teddiursa,Normal,330,60,80,50,50,50,40
280,217,Ursaring,Normal,500,90,130,75,75,75,55
281,218,Slugma,Fire,250,40,40,40,70,40,20
282,219,Magcargo,Fire  Rock,430,60,50,120,90,80,30
283,220,Swinub,Ice  Ground,250,50,50,40,30,30,50
284,221,Piloswine,Ice  Ground,450,100,100,80,60,60,50
285,222,Corsola,Water  Rock,410,65,55,95,65,95,35
286,222,Corsola  Galarian Corsola,Ghost,410,60,55,100,65,100,30
287,223,Remoraid,Water,300,35,65,35,65,35,65
288,224,Octillery,Water,480,75,105,75,105,75,45
289,225,Delibird,Ice  Flying,330,45,55,45,65,45,75
290,226,Mantine,Water  Flying,485,85,40,70,80,140,70
291,227,Skarmory,Steel  Flying,465,65,80,140,40,70,70
292,228,Houndour,Dark  Fire,330,45,60,30,80,50,65
293,229,Houndoom,Dark  Fire,500,75,90,50,110,80,95
294,229,Houndoom  Mega Houndoom,Dark  Fire,600,75,90,90,140,90,115
295,230,Kingdra,Water  Dragon,540,75,95,95,95,95,85
296,231,Phanpy,Ground,330,90,60,60,40,40,40
297,232,Donphan,Ground,500,90,120,120,60,60,50
298,233,Porygon2,Normal,515,85,80,90,105,95,60
299,234,Stantler,Normal,465,73,95,62,85,65,85
300,235,Smeargle,Normal,250,55,20,35,20,45,75
301,236,Tyrogue,Fighting,210,35,35,35,35,35,35
302,237,Hitmontop,Fighting,455,50,95,95,35,110,70
303,238,Smoochum,Ice  Psychic,305,45,30,15,85,65,65
304,239,Elekid,Electric,360,45,63,37,65,55,95
305,240,Magby,Fire,365,45,75,37,70,55,83
306,241,Miltank,Normal,490,95,80,105,40,70,100
307,242,Blissey,Normal,540,255,10,10,75,135,55
308,243,Raikou,Electric,580,90,85,75,115,100,115
309,244,Entei,Fire,580,115,115,85,90,75,100
310,245,Suicune,Water,580,100,75,115,90,115,85
311,246,Larvitar,Rock  Ground,300,50,64,50,45,50,41
312,247,Pupitar,Rock  Ground,410,70,84,70,65,70,51
313,248,Tyranitar,Rock  Dark,600,100,134,110,95,100,61
314,248,Tyranitar  Mega Tyranitar,Rock  Dark,700,100,164,150,95,120,71
315,249,Lugia,Psychic  Flying,680,106,90,130,90,154,110
316,250,Ho-oh,Fire  Flying,680,106,130,90,110,154,90
317,251,Celebi,Psychic  Grass,600,100,100,100,100,100,100
318,252,Treecko,Grass,310,40,45,35,65,55,70
319,253,Grovyle,Grass,405,50,65,45,85,65,95
320,254,Sceptile,Grass,530,70,85,65,105,85,120
321,254,Sceptile  Mega Sceptile,Grass  Dragon,630,70,110,75,145,85,145
322,255,Torchic,Fire,310,45,60,40,70,50,45
323,256,Combusken,Fire  Fighting,405,60,85,60,85,60,55
324,257,Blaziken,Fire  Fighting,530,80,120,70,110,70,80
325,257,Blaziken  Mega Blaziken,Fire  Fighting,630,80,160,80,130,80,100
326,258,Mudkip,Water,310,50,70,50,50,50,40
327,259,Marshtomp,Water  Ground,405,70,85,70,60,70,50
328,260,Swampert,Water  Ground,535,100,110,90,85,90,60
329,260,Swampert  Mega Swampert,Water  Ground,635,100,150,110,95,110,70
330,261,Poochyena,Dark,220,35,55,35,30,30,35
331,262,Mightyena,Dark,420,70,90,70,60,60,70
332,263,Zigzagoon,Normal,240,38,30,41,30,41,60
333,263,Zigzagoon  Galarian Zigzagoon,Dark  Normal,240,38,30,41,30,41,60
334,264,Linoone,Normal,420,78,70,61,50,61,100
335,264,Linoone  Galarian Linoone,Dark  Normal,420,78,70,61,50,61,100
336,265,Wurmple,Bug,195,45,45,35,20,30,20
337,266,Silcoon,Bug,205,50,35,55,25,25,15
338,267,Beautifly,Bug  Flying,395,60,70,50,100,50,65
339,268,Cascoon,Bug,205,50,35,55,25,25,15
340,269,Dustox,Bug  Poison,385,60,50,70,50,90,65
341,270,Lotad,Water  Grass,220,40,30,30,40,50,30
342,271,Lombre,Water  Grass,340,60,50,50,60,70,50
343,272,Ludicolo,Water  Grass,480,80,70,70,90,100,70
344,273,Seedot,Grass,220,40,40,50,30,30,30
345,274,Nuzleaf,Grass  Dark,340,70,70,40,60,40,60
346,275,Shiftry,Grass  Dark,480,90,100,60,90,60,80
347,276,Taillow,Normal  Flying,270,40,55,30,30,30,85
348,277,Swellow,Normal  Flying,455,60,85,60,75,50,125
349,278,Wingull,Water  Flying,270,40,30,30,55,30,85
350,279,Pelipper,Water  Flying,440,60,50,100,95,70,65
351,280,Ralts,Psychic  Fairy,198,28,25,25,45,35,40
352,281,Kirlia,Psychic  Fairy,278,38,35,35,65,55,50
353,282,Gardevoir,Psychic  Fairy,518,68,65,65,125,115,80
354,282,Gardevoir  Mega Gardevoir,Psychic  Fairy,618,68,85,65,165,135,100
355,283,Surskit,Bug  Water,269,40,30,32,50,52,65
356,284,Masquerain,Bug  Flying,454,70,60,62,100,82,80
357,285,Shroomish,Grass,295,60,40,60,40,60,35
358,286,Breloom,Grass  Fighting,460,60,130,80,60,60,70
359,287,Slakoth,Normal,280,60,60,60,35,35,30
360,288,Vigoroth,Normal,440,80,80,80,55,55,90
361,289,Slaking,Normal,670,150,160,100,95,65,100
362,290,Nincada,Bug  Ground,266,31,45,90,30,30,40
363,291,Ninjask,Bug  Flying,456,61,90,45,50,50,160
364,292,Shedinja,Bug  Ghost,236,1,90,45,30,30,40
365,293,Whismur,Normal,240,64,51,23,51,23,28
366,294,Loudred,Normal,360,84,71,43,71,43,48
367,295,Exploud,Normal,490,104,91,63,91,73,68
368,296,Makuhita,Fighting,237,72,60,30,20,30,25
369,297,Hariyama,Fighting,474,144,120,60,40,60,50
370,298,Azurill,Normal  Fairy,190,50,20,40,20,40,20
371,299,Nosepass,Rock,375,30,45,135,45,90,30
372,300,Skitty,Normal,260,50,45,45,35,35,50
373,301,Delcatty,Normal,400,70,65,65,55,55,90
374,302,Sableye,Dark  Ghost,380,50,75,75,65,65,50
375,302,Sableye  Mega Sableye,Dark  Ghost,480,50,85,125,85,115,20
376,303,Mawile,Steel  Fairy,380,50,85,85,55,55,50
377,303,Mawile  Mega Mawile,Steel  Fairy,480,50,105,125,55,95,50
378,304,Aron,Steel  Rock,330,50,70,100,40,40,30
379,305,Lairon,Steel  Rock,430,60,90,140,50,50,40
380,306,Aggron,Steel  Rock,530,70,110,180,60,60,50
381,306,Aggron  Mega Aggron,Steel,630,70,140,230,60,80,50
382,307,Meditite,Fighting  Psychic,280,30,40,55,40,55,60
383,308,Medicham,Fighting  Psychic,410,60,60,75,60,75,80
384,308,Medicham  Mega Medicham,Fighting  Psychic,510,60,100,85,80,85,100
385,309,Electrike,Electric,295,40,45,40,65,40,65
386,310,Manectric,Electric,475,70,75,60,105,60,105
387,310,Manectric  Mega Manectric,Electric,575,70,75,80,135,80,135
388,311,Plusle,Electric,405,60,50,40,85,75,95
389,312,Minun,Electric,405,60,40,50,75,85,95
390,313,Volbeat,Bug,430,65,73,75,47,85,85
391,314,Illumise,Bug,430,65,47,75,73,85,85
392,315,Roselia,Grass  Poison,400,50,60,45,100,80,65
393,316,Gulpin,Poison,302,70,43,53,43,53,40
394,317,Swalot,Poison,467,100,73,83,73,83,55
395,318,Carvanha,Water  Dark,305,45,90,20,65,20,65
396,319,Sharpedo,Water  Dark,460,70,120,40,95,40,95
397,319,Sharpedo  Mega Sharpedo,Water  Dark,560,70,140,70,110,65,105
398,320,Wailmer,Water,400,130,70,35,70,35,60
399,321,Wailord,Water,500,170,90,45,90,45,60
400,322,Numel,Fire  Ground,305,60,60,40,65,45,35
401,323,Camerupt,Fire  Ground,460,70,100,70,105,75,40
402,323,Camerupt  Mega Camerupt,Fire  Ground,560,70,120,100,145,105,20
403,324,Torkoal,Fire,470,70,85,140,85,70,20
404,325,Spoink,Psychic,330,60,25,35,70,80,60
405,326,Grumpig,Psychic,470,80,45,65,90,110,80
406,327,Spinda,Normal,360,60,60,60,60,60,60
407,328,Trapinch,Ground,290,45,100,45,45,45,10
408,329,Vibrava,Ground  Dragon,340,50,70,50,50,50,70
409,330,Flygon,Ground  Dragon,520,80,100,80,80,80,100
410,331,Cacnea,Grass,335,50,85,40,85,40,35
411,332,Cacturne,Grass  Dark,475,70,115,60,115,60,55
412,333,Swablu,Normal  Flying,310,45,40,60,40,75,50
413,334,Altaria,Dragon  Flying,490,75,70,90,70,105,80
414,334,Altaria  Mega Altaria,Dragon  Fairy,590,75,110,110,110,105,80
415,335,Zangoose,Normal,458,73,115,60,60,60,90
416,336,Seviper,Poison,458,73,100,60,100,60,65
417,337,Lunatone,Rock  Psychic,460,90,55,65,95,85,70
418,338,Solrock,Rock  Psychic,460,90,95,85,55,65,70
419,339,Barboach,Water  Ground,288,50,48,43,46,41,60
420,340,Whiscash,Water  Ground,468,110,78,73,76,71,60
421,341,Corphish,Water,308,43,80,65,50,35,35
422,342,Crawdaunt,Water  Dark,468,63,120,85,90,55,55
423,343,Baltoy,Ground  Psychic,300,40,40,55,40,70,55
424,344,Claydol,Ground  Psychic,500,60,70,105,70,120,75
425,345,Lileep,Rock  Grass,355,66,41,77,61,87,23
426,346,Cradily,Rock  Grass,495,86,81,97,81,107,43
427,347,Anorith,Rock  Bug,355,45,95,50,40,50,75
428,348,Armaldo,Rock  Bug,495,75,125,100,70,80,45
429,349,Feebas,Water,200,20,15,20,10,55,80
430,350,Milotic,Water,540,95,60,79,100,125,81
431,351,Castform,Normal,420,70,70,70,70,70,70
432,351,Castform  Sunny Form,Fire,420,70,70,70,70,70,70
433,351,Castform  Rainy Form,Water,420,70,70,70,70,70,70
434,351,Castform  Snowy Form,Ice,420,70,70,70,70,70,70
435,352,Kecleon,Normal,440,60,90,70,60,120,40
436,353,Shuppet,Ghost,295,44,75,35,63,33,45
437,354,Banette,Ghost,455,64,115,65,83,63,65
438,354,Banette  Mega Banette,Ghost,555,64,165,75,93,83,75
439,355,Duskull,Ghost,295,20,40,90,30,90,25
440,356,Dusclops,Ghost,455,40,70,130,60,130,25
441,357,Tropius,Grass  Flying,460,99,68,83,72,87,51
442,358,Chimecho,Psychic,455,75,50,80,95,90,65
443,359,Absol,Dark,465,65,130,60,75,60,75
444,359,Absol  Mega Absol,Dark,565,65,150,60,115,60,115
445,360,Wynaut,Psychic,260,95,23,48,23,48,23
446,361,Snorunt,Ice,300,50,50,50,50,50,50
447,362,Glalie,Ice,480,80,80,80,80,80,80
448,362,Glalie  Mega Glalie,Ice,580,80,120,80,120,80,100
449,363,Spheal,Ice  Water,290,70,40,50,55,50,25
450,364,Sealeo,Ice  Water,410,90,60,70,75,70,45
451,365,Walrein,Ice  Water,530,110,80,90,95,90,65
452,366,Clamperl,Water,345,35,64,85,74,55,32
453,367,Huntail,Water,485,55,104,105,94,75,52
454,368,Gorebyss,Water,485,55,84,105,114,75,52
455,369,Relicanth,Water  Rock,485,100,90,130,45,65,55
456,370,Luvdisc,Water,330,43,30,55,40,65,97
457,371,Bagon,Dragon,300,45,75,60,40,30,50
458,372,Shelgon,Dragon,420,65,95,100,60,50,50
459,373,Salamence,Dragon  Flying,600,95,135,80,110,80,100
460,373,Salamence  Mega Salamence,Dragon  Flying,700,95,145,130,120,90,120
461,374,Beldum,Steel  Psychic,300,40,55,80,35,60,30
462,375,Metang,Steel  Psychic,420,60,75,100,55,80,50
463,376,Metagross,Steel  Psychic,600,80,135,130,95,90,70
464,376,Metagross  Mega Metagross,Steel  Psychic,700,80,145,150,105,110,110
465,377,Regirock,Rock,580,80,100,200,50,100,50
466,378,Regice,Ice,580,80,50,100,100,200,50
467,379,Registeel,Steel,580,80,75,150,75,150,50
468,380,Latias,Dragon  Psychic,600,80,80,90,110,130,110
469,380,Latias  Mega Latias,Dragon  Psychic,700,80,100,120,140,150,110
470,381,Latios,Dragon  Psychic,600,80,90,80,130,110,110
471,381,Latios  Mega Latios,Dragon  Psychic,700,80,130,100,160,120,110
472,382,Kyogre,Water,670,100,100,90,150,140,90
473,382,Kyogre  Primal Kyogre,Water,770,100,150,90,180,160,90
474,383,Groudon,Ground,670,100,150,140,100,90,90
475,383,Groudon  Primal Groudon,Ground  Fire,770,100,180,160,150,90,90
476,384,Rayquaza,Dragon  Flying,680,105,150,90,150,90,95
477,384,Rayquaza  Mega Rayquaza,Dragon  Flying,780,105,180,100,180,100,115
478,385,Jirachi,Steel  Psychic,600,100,100,100,100,100,100
479,386,Deoxys  Normal Forme,Psychic,600,50,150,50,150,50,150
480,386,Deoxys  Attack Forme,Psychic,600,50,180,20,180,20,150
481,386,Deoxys  Defense Forme,Psychic,600,50,70,160,70,160,90
482,386,Deoxys  Speed Forme,Psychic,600,50,95,90,95,90,180
483,387,Turtwig,Grass,318,55,68,64,45,55,31
484,388,Grotle,Grass,405,75,89,85,55,65,36
485,389,Torterra,Grass  Ground,525,95,109,105,75,85,56
486,390,Chimchar,Fire,309,44,58,44,58,44,61
487,391,Monferno,Fire  Fighting,405,64,78,52,78,52,81
488,392,Infernape,Fire  Fighting,534,76,104,71,104,71,108
489,393,Piplup,Water,314,53,51,53,61,56,40
490,394,Prinplup,Water,405,64,66,68,81,76,50
491,395,Empoleon,Water  Steel,530,84,86,88,111,101,60
492,396,Starly,Normal  Flying,245,40,55,30,30,30,60
493,397,Staravia,Normal  Flying,340,55,75,50,40,40,80
494,398,Staraptor,Normal  Flying,485,85,120,70,50,60,100
495,399,Bidoof,Normal,250,59,45,40,35,40,31
496,400,Bibarel,Normal  Water,410,79,85,60,55,60,71
497,401,Kricketot,Bug,194,37,25,41,25,41,25
498,402,Kricketune,Bug,384,77,85,51,55,51,65
499,403,Shinx,Electric,263,45,65,34,40,34,45
500,404,Luxio,Electric,363,60,85,49,60,49,60
501,405,Luxray,Electric,523,80,120,79,95,79,70
502,406,Budew,Grass  Poison,280,40,30,35,50,70,55
503,407,Roserade,Grass  Poison,515,60,70,65,125,105,90
504,408,Cranidos,Rock,350,67,125,40,30,30,58
505,409,Rampardos,Rock,495,97,165,60,65,50,58
506,410,Shieldon,Rock  Steel,350,30,42,118,42,88,30
507,411,Bastiodon,Rock  Steel,495,60,52,168,47,138,30
508,412,Burmy  Plant Cloak,Bug,224,40,29,45,29,45,36
509,412,Burmy  Sandy Cloak,Bug,224,40,29,45,29,45,36
510,412,Burmy  Trash Cloak,Bug,224,40,29,45,29,45,36
511,413,Wormadam  Plant Cloak,Bug  Grass,424,60,59,85,79,105,36
512,413,Wormadam  Sandy Cloak,Bug  Ground,424,60,79,105,59,85,36
513,413,Wormadam  Trash Cloak,Bug  Steel,424,60,69,95,69,95,36
514,414,Mothim,Bug  Flying,424,70,94,50,94,50,66
515,415,Combee,Bug  Flying,244,30,30,42,30,42,70
516,416,Vespiquen,Bug  Flying,474,70,80,102,80,102,40
517,417,Pachirisu,Electric,405,60,45,70,45,90,95
518,418,Buizel,Water,330,55,65,35,60,30,85
519,419,Floatzel,Water,495,85,105,55,85,50,115
520,420,Cherubi,Grass,275,45,35,45,62,53,35
521,421,Cherrim,Grass,450,70,60,70,87,78,85
522,422,Shellos,Water,325,76,48,48,57,62,34
523,423,Gastrodon,Water  Ground,475,111,83,68,92,82,39
524,424,Ambipom,Normal,482,75,100,66,60,66,115
525,425,Drifloon,Ghost  Flying,348,90,50,34,60,44,70
526,426,Drifblim,Ghost  Flying,498,150,80,44,90,54,80
527,427,Buneary,Normal,350,55,66,44,44,56,85
528,428,Lopunny,Normal,480,65,76,84,54,96,105
529,428,Lopunny  Mega Lopunny,Normal  Fighting,580,65,136,94,54,96,135
530,429,Mismagius,Ghost,495,60,60,60,105,105,105
531,430,Honchkrow,Dark  Flying,505,100,125,52,105,52,71
532,431,Glameow,Normal,310,49,55,42,42,37,85
533,432,Purugly,Normal,452,71,82,64,64,59,112
534,433,Chingling,Psychic,285,45,30,50,65,50,45
535,434,Stunky,Poison  Dark,329,63,63,47,41,41,74
536,435,Skuntank,Poison  Dark,479,103,93,67,71,61,84
537,436,Bronzor,Steel  Psychic,300,57,24,86,24,86,23
538,437,Bronzong,Steel  Psychic,500,67,89,116,79,116,33
539,438,Bonsly,Rock,290,50,80,95,10,45,10
540,439,Mime Jr.,Psychic  Fairy,310,20,25,45,70,90,60
541,440,Happiny,Normal,220,100,5,5,15,65,30
542,441,Chatot,Normal  Flying,411,76,65,45,92,42,91
543,442,Spiritomb,Ghost  Dark,485,50,92,108,92,108,35
544,443,Gible,Dragon  Ground,300,58,70,45,40,45,42
545,444,Gabite,Dragon  Ground,410,68,90,65,50,55,82
546,445,Garchomp,Dragon  Ground,600,108,130,95,80,85,102
547,445,Garchomp  Mega Garchomp,Dragon  Ground,700,108,170,115,120,95,92
548,446,Munchlax,Normal,390,135,85,40,40,85,5
549,447,Riolu,Fighting,285,40,70,40,35,40,60
550,448,Lucario,Fighting  Steel,525,70,110,70,115,70,90
551,448,Lucario  Mega Lucario,Fighting  Steel,625,70,145,88,140,70,112
552,449,Hippopotas,Ground,330,68,72,78,38,42,32
553,450,Hippowdon,Ground,525,108,112,118,68,72,47
554,451,Skorupi,Poison  Bug,330,40,50,90,30,55,65
555,452,Drapion,Poison  Dark,500,70,90,110,60,75,95
556,453,Croagunk,Poison  Fighting,300,48,61,40,61,40,50
557,454,Toxicroak,Poison  Fighting,490,83,106,65,86,65,85
558,455,Carnivine,Grass,454,74,100,72,90,72,46
559,456,Finneon,Water,330,49,49,56,49,61,66
560,457,Lumineon,Water,460,69,69,76,69,86,91
561,458,Mantyke,Water  Flying,345,45,20,50,60,120,50
562,459,Snover,Grass  Ice,334,60,62,50,62,60,40
563,460,Abomasnow,Grass  Ice,494,90,92,75,92,85,60
564,460,Abomasnow  Mega Abomasnow,Grass  Ice,594,90,132,105,132,105,30
565,461,Weavile,Dark  Ice,510,70,120,65,45,85,125
566,462,Magnezone,Electric  Steel,535,70,70,115,130,90,60
567,463,Lickilicky,Normal,515,110,85,95,80,95,50
568,464,Rhyperior,Ground  Rock,535,115,140,130,55,55,40
569,465,Tangrowth,Grass,535,100,100,125,110,50,50
570,466,Electivire,Electric,540,75,123,67,95,85,95
571,467,Magmortar,Fire,540,75,95,67,125,95,83
572,468,Togekiss,Fairy  Flying,545,85,50,95,120,115,80
573,469,Yanmega,Bug  Flying,515,86,76,86,116,56,95
574,470,Leafeon,Grass,525,65,110,130,60,65,95
575,471,Glaceon,Ice,525,65,60,110,130,95,65
576,472,Gliscor,Ground  Flying,510,75,95,125,45,75,95
577,473,Mamoswine,Ice  Ground,530,110,130,80,70,60,80
578,474,Porygon-Z,Normal,535,85,80,70,135,75,90
579,475,Gallade,Psychic  Fighting,518,68,125,65,65,115,80
580,475,Gallade  Mega Gallade,Psychic  Fighting,618,68,165,95,65,115,110
581,476,Probopass,Rock  Steel,525,60,55,145,75,150,40
582,477,Dusknoir,Ghost,525,45,100,135,65,135,45
583,478,Froslass,Ice  Ghost,480,70,80,70,80,70,110
584,479,Rotom,Electric  Ghost,440,50,50,77,95,77,91
585,479,Rotom  Heat Rotom,Electric  Fire,520,50,65,107,105,107,86
586,479,Rotom  Wash Rotom,Electric  Water,520,50,65,107,105,107,86
587,479,Rotom  Frost Rotom,Electric  Ice,520,50,65,107,105,107,86
588,479,Rotom  Fan Rotom,Electric  Flying,520,50,65,107,105,107,86
589,479,Rotom  Mow Rotom,Electric  Grass,520,50,65,107,105,107,86
590,480,Uxie,Psychic,580,75,75,130,75,130,95
591,481,Mesprit,Psychic,580,80,105,105,105,105,80
592,482,Azelf,Psychic,580,75,125,70,125,70,115
593,483,Dialga,Steel  Dragon,680,100,120,120,150,100,90
594,483,Dialga  Origin Forme,Steel  Dragon,680,100,100,120,150,120,90
595,484,Palkia,Water  Dragon,680,90,120,100,150,120,100
596,484,Palkia  Origin Forme,Water  Dragon,680,90,100,100,150,120,120
597,485,Heatran,Fire  Steel,600,91,90,106,130,106,77
598,486,Regigigas,Normal,670,110,160,110,80,110,100
599,487,Giratina  Altered Forme,Ghost  Dragon,680,150,100,120,100,120,90
600,487,Giratina  Origin Forme,Ghost  Dragon,680,150,120,100,120,100,90
601,488,Cresselia,Psychic,580,120,70,110,75,120,85
602,489,Phione,Water,480,80,80,80,80,80,80
603,490,Manaphy,Water,600,100,100,100,100,100,100
604,491,Darkrai,Dark,600,70,90,90,135,90,125
605,492,Shaymin  Land Forme,Grass,600,100,100,100,100,100,100
606,492,Shaymin  Sky Forme,Grass  Flying,600,100,103,75,120,75,127
607,493,Arceus,Normal,720,120,120,120,120,120,120
608,494,Victini,Psychic  Fire,600,100,100,100,100,100,100
609,495,Snivy,Grass,308,45,45,55,45,55,63
610,496,Servine,Grass,413,60,60,75,60,75,83
611,497,Serperior,Grass,528,75,75,95,75,95,113
612,498,Tepig,Fire,308,65,63,45,45,45,45
613,499,Pignite,Fire  Fighting,418,90,93,55,70,55,55
614,500,Emboar,Fire  Fighting,528,110,123,65,100,65,65
615,501,Oshawott,Water,308,55,55,45,63,45,45
616,502,Dewott,Water,413,75,75,60,83,60,60
617,503,Samurott,Water,528,95,100,85,108,70,70
618,503,Samurott  Hisuian Samurott,Water  Dark,528,90,108,80,100,65,85
619,504,Patrat,Normal,255,45,55,39,35,39,42
620,505,Watchog,Normal,420,60,85,69,60,69,77
621,506,Lillipup,Normal,275,45,60,45,25,45,55
622,507,Herdier,Normal,370,65,80,65,35,65,60
623,508,Stoutland,Normal,500,85,110,90,45,90,80
624,509,Purrloin,Dark,281,41,50,37,50,37,66
625,510,Liepard,Dark,446,64,88,50,88,50,106
626,511,Pansage,Grass,316,50,53,48,53,48,64
627,512,Simisage,Grass,498,75,98,63,98,63,101
628,513,Pansear,Fire,316,50,53,48,53,48,64
629,514,Simisear,Fire,498,75,98,63,98,63,101
630,515,Panpour,Water,316,50,53,48,53,48,64
631,516,Simipour,Water,498,75,98,63,98,63,101
632,517,Munna,Psychic,292,76,25,45,67,55,24
633,518,Musharna,Psychic,487,116,55,85,107,95,29
634,519,Pidove,Normal  Flying,264,50,55,50,36,30,43
635,520,Tranquill,Normal  Flying,358,62,77,62,50,42,65
636,521,Unfezant,Normal  Flying,488,80,115,80,65,55,93
637,522,Blitzle,Electric,295,45,60,32,50,32,76
638,523,Zebstrika,Electric,497,75,100,63,80,63,116
639,524,Roggenrola,Rock,280,55,75,85,25,25,15
640,525,Boldore,Rock,390,70,105,105,50,40,20
641,526,Gigalith,Rock,515,85,135,130,60,80,25
642,527,Woobat,Psychic  Flying,323,65,45,43,55,43,72
643,528,Swoobat,Psychic  Flying,425,67,57,55,77,55,114
644,529,Drilbur,Ground,328,60,85,40,30,45,68
645,530,Excadrill,Ground  Steel,508,110,135,60,50,65,88
646,531,Audino,Normal,445,103,60,86,60,86,50
647,531,Audino  Mega Audino,Normal  Fairy,545,103,60,126,80,126,50
648,532,Timburr,Fighting,305,75,80,55,25,35,35
649,533,Gurdurr,Fighting,405,85,105,85,40,50,40
650,534,Conkeldurr,Fighting,505,105,140,95,55,65,45
651,535,Tympole,Water,294,50,50,40,50,40,64
652,536,Palpitoad,Water  Ground,384,75,65,55,65,55,69
653,537,Seismitoad,Water  Ground,509,105,95,75,85,75,74
654,538,Throh,Fighting,465,120,100,85,30,85,45
655,539,Sawk,Fighting,465,75,125,75,30,75,85
656,540,Sewaddle,Bug  Grass,310,45,53,70,40,60,42
657,541,Swadloon,Bug  Grass,380,55,63,90,50,80,42
658,542,Leavanny,Bug  Grass,500,75,103,80,70,80,92
659,543,Venipede,Bug  Poison,260,30,45,59,30,39,57
660,544,Whirlipede,Bug  Poison,360,40,55,99,40,79,47
661,545,Scolipede,Bug  Poison,485,60,100,89,55,69,112
662,546,Cottonee,Grass  Fairy,280,40,27,60,37,50,66
663,547,Whimsicott,Grass  Fairy,480,60,67,85,77,75,116
664,548,Petilil,Grass,280,45,35,50,70,50,30
665,549,Lilligant,Grass,480,70,60,75,110,75,90
666,549,Lilligant  Hisuian Lilligant,Grass  Fighting,480,70,105,75,50,75,105
667,550,Basculin  Red-Striped Form,Water,460,70,92,65,80,55,98
668,550,Basculin  Blue-Striped Form,Water,460,70,92,65,80,55,98
669,550,Basculin  White-Striped Form,Water,460,70,92,65,80,55,98
670,551,Sandile,Ground  Dark,292,50,72,35,35,35,65
671,552,Krokorok,Ground  Dark,351,60,82,45,45,45,74
672,553,Krookodile,Ground  Dark,519,95,117,80,65,70,92
673,554,Darumaka,Fire,315,70,90,45,15,45,50
674,554,Darumaka  Galarian Darumaka,Ice,315,70,90,45,15,45,50
675,555,Darmanitan  Standard Mode,Fire,480,105,140,55,30,55,95
676,555,Darmanitan  Zen Mode,Fire  Psychic,540,105,30,105,140,105,55
677,555,Darmanitan  Galarian Standard Mode,Ice,480,105,140,55,30,55,95
678,555,Darmanitan  Galarian Zen Mode,Ice  Fire,540,105,160,55,30,55,135
679,556,Maractus,Grass,461,75,86,67,106,67,60
680,557,Dwebble,Bug  Rock,325,50,65,85,35,35,55
681,558,Crustle,Bug  Rock,485,70,105,125,65,75,45
682,559,Scraggy,Dark  Fighting,348,50,75,70,35,70,48
683,560,Scrafty,Dark  Fighting,488,65,90,115,45,115,58
684,561,Sigilyph,Psychic  Flying,490,72,58,80,103,80,97
685,562,Yamask,Ghost,303,38,30,85,55,65,30
686,562,Yamask  Galarian Yamask,Ground  Ghost,303,38,55,85,30,65,30
687,563,Cofagrigus,Ghost,483,58,50,145,95,105,30
688,564,Tirtouga,Water  Rock,355,54,78,103,53,45,22
689,565,Carracosta,Water  Rock,495,74,108,133,83,65,32
690,566,Archen,Rock  Flying,401,55,112,45,74,45,70
691,567,Archeops,Rock  Flying,567,75,140,65,112,65,110
692,568,Trubbish,Poison,329,50,50,62,40,62,65
693,569,Garbodor,Poison,474,80,95,82,60,82,75
694,570,Zorua,Dark,330,40,65,40,80,40,65
695,570,Zorua  Hisuian Zorua,Normal  Ghost,330,35,60,40,85,40,70
696,571,Zoroark,Dark,510,60,105,60,120,60,105
697,571,Zoroark  Hisuian Zoroark,Normal  Ghost,510,55,100,60,125,60,110
698,572,Minccino,Normal,300,55,50,40,40,40,75
699,573,Cinccino,Normal,470,75,95,60,65,60,115
700,574,Gothita,Psychic,290,45,30,50,55,65,45
701,575,Gothorita,Psychic,390,60,45,70,75,85,55
702,576,Gothitelle,Psychic,490,70,55,95,95,110,65
703,577,Solosis,Psychic,290,45,30,40,105,50,20
704,578,Duosion,Psychic,370,65,40,50,125,60,30
705,579,Reuniclus,Psychic,490,110,65,75,125,85,30
706,580,Ducklett,Water  Flying,305,62,44,50,44,50,55
707,581,Swanna,Water  Flying,473,75,87,63,87,63,98
708,582,Vanillite,Ice,305,36,50,50,65,60,44
709,583,Vanillish,Ice,395,51,65,65,80,75,59
710,584,Vanilluxe,Ice,535,71,95,85,110,95,79
711,585,Deerling,Normal  Grass,335,60,60,50,40,50,75
712,586,Sawsbuck,Normal  Grass,475,80,100,70,60,70,95
713,587,Emolga,Electric  Flying,428,55,75,60,75,60,103
714,588,Karrablast,Bug,315,50,75,45,40,45,60
715,589,Escavalier,Bug  Steel,495,70,135,105,60,105,20
716,590,Foongus,Grass  Poison,294,69,55,45,55,55,15
717,591,Amoonguss,Grass  Poison,464,114,85,70,85,80,30
718,592,Frillish,Water  Ghost,335,55,40,50,65,85,40
719,593,Jellicent,Water  Ghost,480,100,60,70,85,105,60
720,594,Alomomola,Water,470,165,75,80,40,45,65
721,595,Joltik,Bug  Electric,319,50,47,50,57,50,65
722,596,Galvantula,Bug  Electric,472,70,77,60,97,60,108
723,597,Ferroseed,Grass  Steel,305,44,50,91,24,86,10
724,598,Ferrothorn,Grass  Steel,489,74,94,131,54,116,20
725,599,Klink,Steel,300,40,55,70,45,60,30
726,600,Klang,Steel,440,60,80,95,70,85,50
727,601,Klinklang,Steel,520,60,100,115,70,85,90
728,602,Tynamo,Electric,275,35,55,40,45,40,60
729,603,Eelektrik,Electric,405,65,85,70,75,70,40
730,604,Eelektross,Electric,515,85,115,80,105,80,50
731,605,Elgyem,Psychic,335,55,55,55,85,55,30
732,606,Beheeyem,Psychic,485,75,75,75,125,95,40
733,607,Litwick,Ghost  Fire,275,50,30,55,65,55,20
734,608,Lampent,Ghost  Fire,370,60,40,60,95,60,55
735,609,Chandelure,Ghost  Fire,520,60,55,90,145,90,80
736,610,Axew,Dragon,320,46,87,60,30,40,57
737,611,Fraxure,Dragon,410,66,117,70,40,50,67
738,612,Haxorus,Dragon,540,76,147,90,60,70,97
739,613,Cubchoo,Ice,305,55,70,40,60,40,40
740,614,Beartic,Ice,505,95,130,80,70,80,50
741,615,Cryogonal,Ice,515,80,50,50,95,135,105
742,616,Shelmet,Bug,305,50,40,85,40,65,25
743,617,Accelgor,Bug,495,80,70,40,100,60,145
744,618,Stunfisk,Ground  Electric,471,109,66,84,81,99,32
745,618,Stunfisk  Galarian Stunfisk,Ground  Steel,471,109,81,99,66,84,32
746,619,Mienfoo,Fighting,350,45,85,50,55,50,65
747,620,Mienshao,Fighting,510,65,125,60,95,60,105
748,621,Druddigon,Dragon,485,77,120,90,60,90,48
749,622,Golett,Ground  Ghost,303,59,74,50,35,50,35
750,623,Golurk,Ground  Ghost,483,89,124,80,55,80,55
751,624,Pawniard,Dark  Steel,340,45,85,70,40,40,60
752,625,Bisharp,Dark  Steel,490,65,125,100,60,70,70
753,626,Bouffalant,Normal,490,95,110,95,40,95,55
754,627,Rufflet,Normal  Flying,350,70,83,50,37,50,60
755,628,Braviary,Normal  Flying,510,100,123,75,57,75,80
756,628,Braviary  Hisuian Braviary,Psychic  Flying,510,110,83,70,112,70,65
757,629,Vullaby,Dark  Flying,370,70,55,75,45,65,60
758,630,Mandibuzz,Dark  Flying,510,110,65,105,55,95,80
759,631,Heatmor,Fire,484,85,97,66,105,66,65
760,632,Durant,Bug  Steel,484,58,109,112,48,48,109
761,633,Deino,Dark  Dragon,300,52,65,50,45,50,38
762,634,Zweilous,Dark  Dragon,420,72,85,70,65,70,58
763,635,Hydreigon,Dark  Dragon,600,92,105,90,125,90,98
764,636,Larvesta,Bug  Fire,360,55,85,55,50,55,60
765,637,Volcarona,Bug  Fire,550,85,60,65,135,105,100
766,638,Cobalion,Steel  Fighting,580,91,90,129,90,72,108
767,639,Terrakion,Rock  Fighting,580,91,129,90,72,90,108
768,640,Virizion,Grass  Fighting,580,91,90,72,90,129,108
769,641,Tornadus  Incarnate Forme,Flying,580,79,115,70,125,80,111
770,641,Tornadus  Therian Forme,Flying,580,79,100,80,110,90,121
771,642,Thundurus  Incarnate Forme,Electric  Flying,580,79,115,70,125,80,111
772,642,Thundurus  Therian Forme,Electric  Flying,580,79,105,70,145,80,101
773,643,Reshiram,Dragon  Fire,680,100,120,100,150,120,90
774,644,Zekrom,Dragon  Electric,680,100,150,120,120,100,90
775,645,Landorus  Incarnate Forme,Ground  Flying,600,89,125,90,115,80,101
776,645,Landorus  Therian Forme,Ground  Flying,600,89,145,90,105,80,91
777,646,Kyurem,Dragon  Ice,660,125,130,90,130,90,95
778,646,Kyurem  White Kyurem,Dragon  Ice,700,125,120,90,170,100,95
779,646,Kyurem  Black Kyurem,Dragon  Ice,700,125,170,100,120,90,95
780,647,Keldeo  Ordinary Form,Water  Fighting,580,91,72,90,129,90,108
781,647,Keldeo  Resolute Form,Water  Fighting,580,91,72,90,129,90,108
782,648,Meloetta  Aria Forme,Normal  Psychic,600,100,77,77,128,128,90
783,648,Meloetta  Pirouette Forme,Normal  Fighting,600,100,128,90,77,77,128
784,649,Genesect,Bug  Steel,600,71,120,95,120,95,99
785,650,Chespin,Grass,313,56,61,65,48,45,38
786,651,Quilladin,Grass,405,61,78,95,56,58,57
787,652,Chesnaught,Grass  Fighting,530,88,107,122,74,75,64
788,653,Fennekin,Fire,307,40,45,40,62,60,60
789,654,Braixen,Fire,409,59,59,58,90,70,73
790,655,Delphox,Fire  Psychic,534,75,69,72,114,100,104
791,656,Froakie,Water,314,41,56,40,62,44,71
792,657,Frogadier,Water,405,54,63,52,83,56,97
793,658,Greninja,Water  Dark,530,72,95,67,103,71,122
794,658,Greninja  Ash-Greninja,Water  Dark,640,72,145,67,153,71,132
795,659,Bunnelby,Normal,237,38,36,38,32,36,57
796,660,Diggersby,Normal  Ground,423,85,56,77,50,77,78
797,661,Fletchling,Normal  Flying,278,45,50,43,40,38,62
798,662,Fletchinder,Fire  Flying,382,62,73,55,56,52,84
799,663,Talonflame,Fire  Flying,499,78,81,71,74,69,126
800,664,Scatterbug,Bug,200,38,35,40,27,25,35
801,665,Spewpa,Bug,213,45,22,60,27,30,29
802,666,Vivillon,Bug  Flying,411,80,52,50,90,50,89
803,667,Litleo,Fire  Normal,369,62,50,58,73,54,72
804,668,Pyroar,Fire  Normal,507,86,68,72,109,66,106
805,669,Flabébé,Fairy,303,44,38,39,61,79,42
806,670,Floette,Fairy,371,54,45,47,75,98,52
807,671,Florges,Fairy,552,78,65,68,112,154,75
808,672,Skiddo,Grass,350,66,65,48,62,57,52
809,673,Gogoat,Grass,531,123,100,62,97,81,68
810,674,Pancham,Fighting,348,67,82,62,46,48,43
811,675,Pangoro,Fighting  Dark,495,95,124,78,69,71,58
812,676,Furfrou,Normal,472,75,80,60,65,90,102
813,677,Espurr,Psychic,355,62,48,54,63,60,68
814,678,Meowstic  Male,Psychic,466,74,48,76,83,81,104
815,678,Meowstic  Female,Psychic,466,74,48,76,83,81,104
816,679,Honedge,Steel  Ghost,325,45,80,100,35,37,28
817,680,Doublade,Steel  Ghost,448,59,110,150,45,49,35
818,681,Aegislash  Shield Forme,Steel  Ghost,500,60,50,140,50,140,60
819,681,Aegislash  Blade Forme,Steel  Ghost,500,60,140,50,140,50,60
820,682,Spritzee,Fairy,341,78,52,60,63,65,23
821,683,Aromatisse,Fairy,462,101,72,72,99,89,29
822,684,Swirlix,Fairy,341,62,48,66,59,57,49
823,685,Slurpuff,Fairy,480,82,80,86,85,75,72
824,686,Inkay,Dark  Psychic,288,53,54,53,37,46,45
825,687,Malamar,Dark  Psychic,482,86,92,88,68,75,73
826,687,Malamar  Mega Malamar,Dark  Psychic,582,86,102,88,98,120,88
827,688,Binacle,Rock  Water,306,42,52,67,39,56,50
828,689,Barbaracle,Rock  Water,500,72,105,115,54,86,68
829,690,Skrelp,Poison  Water,320,50,60,60,60,60,30
830,691,Dragalge,Poison  Dragon,494,65,75,90,97,123,44
831,692,Clauncher,Water,330,50,53,62,58,63,44
832,693,Clawitzer,Water,500,71,73,88,120,89,59
833,694,Helioptile,Electric  Normal,289,44,38,33,61,43,70
834,695,Heliolisk,Electric  Normal,481,62,55,52,109,94,109
835,696,Tyrunt,Rock  Dragon,362,58,89,77,45,45,48
836,697,Tyrantrum,Rock  Dragon,521,82,121,119,69,59,71
837,698,Amaura,Rock  Ice,362,77,59,50,67,63,46
838,699,Aurorus,Rock  Ice,521,123,77,72,99,92,58
839,700,Sylveon,Fairy,525,95,65,65,110,130,60
840,701,Hawlucha,Fighting  Flying,500,78,92,75,74,63,118
841,701,Hawlucha  Mega Hawlucha,Fighting  Flying,600,78,137,100,74,93,118
842,702,Dedenne,Electric  Fairy,431,67,58,57,81,67,101
843,703,Carbink,Rock  Fairy,500,50,50,150,50,150,50
844,704,Goomy,Dragon,300,45,50,35,55,75,40
845,705,Sliggoo,Dragon,452,68,75,53,83,113,60
846,705,Sliggoo  Hisuian Sliggoo,Steel  Dragon,452,58,75,83,83,113,40
847,706,Goodra,Dragon,600,90,100,70,110,150,80
848,706,Goodra  Hisuian Goodra,Steel  Dragon,600,80,100,100,110,150,60
849,707,Klefki,Steel  Fairy,470,57,80,91,80,87,75
850,708,Phantump,Ghost  Grass,309,43,70,48,50,60,38
851,709,Trevenant,Ghost  Grass,474,85,110,76,65,82,56
852,710,Pumpkaboo  Average Size,Ghost  Grass,335,49,66,70,44,55,51
853,710,Pumpkaboo  Small Size,Ghost  Grass,335,44,66,70,44,55,56
854,710,Pumpkaboo  Large Size,Ghost  Grass,335,54,66,70,44,55,46
855,710,Pumpkaboo  Super Size,Ghost  Grass,335,59,66,70,44,55,41
856,711,Gourgeist  Average Size,Ghost  Grass,494,65,90,122,58,75,84
857,711,Gourgeist  Small Size,Ghost  Grass,494,55,85,122,58,75,99
858,711,Gourgeist  Large Size,Ghost  Grass,494,75,95,122,58,75,69
859,711,Gourgeist  Super Size,Ghost  Grass,494,85,100,122,58,75,54
860,712,Bergmite,Ice,304,55,69,85,32,35,28
861,713,Avalugg,Ice,514,95,117,184,44,46,28
862,713,Avalugg  Hisuian Avalugg,Ice  Rock,514,95,127,184,34,36,38
863,714,Noibat,Flying  Dragon,245,40,30,35,45,40,55
864,715,Noivern,Flying  Dragon,535,85,70,80,97,80,123
865,716,Xerneas,Fairy,680,126,131,95,131,98,99
866,717,Yveltal,Dark  Flying,680,126,131,95,131,98,99
867,718,Zygarde  50% Forme,Dragon  Ground,600,108,100,121,81,95,95
868,718,Zygarde  10% Forme,Dragon  Ground,486,54,100,71,61,85,115
869,718,Zygarde  Complete Forme,Dragon  Ground,708,216,100,121,91,95,85
870,719,Diancie,Rock  Fairy,600,50,100,150,100,150,50
871,719,Diancie  Mega Diancie,Rock  Fairy,700,50,160,110,160,110,110
872,720,Hoopa  Hoopa Confined,Psychic  Ghost,600,80,110,60,150,130,70
873,720,Hoopa  Hoopa Unbound,Psychic  Dark,680,80,160,60,170,130,80
874,721,Volcanion,Fire  Water,600,80,110,120,130,90,70
875,722,Rowlet,Grass  Flying,320,68,55,55,50,50,42
876,723,Dartrix,Grass  Flying,420,78,75,75,70,70,52
877,724,Decidueye,Grass  Ghost,530,78,107,75,100,100,70
878,724,Decidueye  Hisuian Decidueye,Grass  Fighting,530,88,112,80,95,95,60
879,725,Litten,Fire,320,45,65,40,60,40,70
880,726,Torracat,Fire,420,65,85,50,80,50,90
881,727,Incineroar,Fire  Dark,530,95,115,90,80,90,60
882,728,Popplio,Water,320,50,54,54,66,56,40
883,729,Brionne,Water,420,60,69,69,91,81,50
884,730,Primarina,Water  Fairy,530,80,74,74,126,116,60
885,731,Pikipek,Normal  Flying,265,35,75,30,30,30,65
886,732,Trumbeak,Normal  Flying,355,55,85,50,40,50,75
887,733,Toucannon,Normal  Flying,485,80,120,75,75,75,60
888,734,Yungoos,Normal,253,48,70,30,30,30,45
889,735,Gumshoos,Normal,418,88,110,60,55,60,45
890,736,Grubbin,Bug,300,47,62,45,55,45,46
891,737,Charjabug,Bug  Electric,400,57,82,95,55,75,36
892,738,Vikavolt,Bug  Electric,500,77,70,90,145,75,43
893,739,Crabrawler,Fighting,338,47,82,57,42,47,63
894,740,Crabominable,Fighting  Ice,478,97,132,77,62,67,43
895,741,Oricorio  Baile Style,Fire  Flying,476,75,70,70,98,70,93
896,741,Oricorio  Pom-Pom Style,Electric  Flying,476,75,70,70,98,70,93
897,741,Oricorio  Pa'u Style,Psychic  Flying,476,75,70,70,98,70,93
898,741,Oricorio  Sensu Style,Ghost  Flying,476,75,70,70,98,70,93
899,742,Cutiefly,Bug  Fairy,304,40,45,40,55,40,84
900,743,Ribombee,Bug  Fairy,464,60,55,60,95,70,124
901,744,Rockruff,Rock,280,45,65,40,30,40,60
902,744,Rockruff  Own Tempo Rockruff,Rock,280,45,65,40,30,40,60
903,745,Lycanroc  Midday Form,Rock,487,75,115,65,55,65,112
904,745,Lycanroc  Midnight Form,Rock,487,85,115,75,55,75,82
905,745,Lycanroc  Dusk Form,Rock,487,75,117,65,55,65,110
906,746,Wishiwashi  Solo Form,Water,175,45,20,20,25,25,40
907,746,Wishiwashi  School Form,Water,620,45,140,130,140,135,30
908,747,Mareanie,Poison  Water,305,50,53,62,43,52,45
909,748,Toxapex,Poison  Water,495,50,63,152,53,142,35
910,749,Mudbray,Ground,385,70,100,70,45,55,45
911,750,Mudsdale,Ground,500,100,125,100,55,85,35
912,751,Dewpider,Water  Bug,269,38,40,52,40,72,27
913,752,Araquanid,Water  Bug,454,68,70,92,50,132,42
914,753,Fomantis,Grass,250,40,55,35,50,35,35
915,754,Lurantis,Grass,480,70,105,90,80,90,45
916,755,Morelull,Grass  Fairy,285,40,35,55,65,75,15
917,756,Shiinotic,Grass  Fairy,405,60,45,80,90,100,30
918,757,Salandit,Poison  Fire,320,48,44,40,71,40,77
919,758,Salazzle,Poison  Fire,480,68,64,60,111,60,117
920,759,Stufful,Normal  Fighting,340,70,75,50,45,50,50
921,760,Bewear,Normal  Fighting,500,120,125,80,55,60,60
922,761,Bounsweet,Grass,210,42,30,38,30,38,32
923,762,Steenee,Grass,290,52,40,48,40,48,62
924,763,Tsareena,Grass,510,72,120,98,50,98,72
925,764,Comfey,Fairy,485,51,52,90,82,110,100
926,765,Oranguru,Normal  Psychic,490,90,60,80,90,110,60
927,766,Passimian,Fighting,490,100,120,90,40,60,80
928,767,Wimpod,Bug  Water,230,25,35,40,20,30,80
929,768,Golisopod,Bug  Water,530,75,125,140,60,90,40
930,769,Sandygast,Ghost  Ground,320,55,55,80,70,45,15
931,770,Palossand,Ghost  Ground,480,85,75,110,100,75,35
932,771,Pyukumuku,Water,410,55,60,130,30,130,5
933,772,Type: Null,Normal,534,95,95,95,95,95,59
934,773,Silvally,Normal,570,95,95,95,95,95,95
935,774,Minior  Meteor Form,Rock  Flying,440,60,60,100,60,100,60
936,774,Minior  Core Form,Rock  Flying,500,60,100,60,100,60,120
937,775,Komala,Normal,480,65,115,65,75,95,65
938,776,Turtonator,Fire  Dragon,485,60,78,135,91,85,36
939,777,Togedemaru,Electric  Steel,435,65,98,63,40,73,96
940,778,Mimikyu,Ghost  Fairy,476,55,90,80,50,105,96
941,779,Bruxish,Water  Psychic,475,68,105,70,70,70,92
942,780,Drampa,Normal  Dragon,485,78,60,85,135,91,36
943,781,Dhelmise,Ghost  Grass,517,70,131,100,86,90,40
944,782,Jangmo-o,Dragon,300,45,55,65,45,45,45
945,783,Hakamo-o,Dragon  Fighting,420,55,75,90,65,70,65
946,784,Kommo-o,Dragon  Fighting,600,75,110,125,100,105,85
947,785,Tapu Koko,Electric  Fairy,570,70,115,85,95,75,130
948,786,Tapu Lele,Psychic  Fairy,570,70,85,75,130,115,95
949,787,Tapu Bulu,Grass  Fairy,570,70,130,115,85,95,75
950,788,Tapu Fini,Water  Fairy,570,70,75,115,95,130,85
951,789,Cosmog,Psychic,200,43,29,31,29,31,37
952,790,Cosmoem,Psychic,400,43,29,131,29,131,37
953,791,Solgaleo,Psychic  Steel,680,137,137,107,113,89,97
954,792,Lunala,Psychic  Ghost,680,137,113,89,137,107,97
955,793,Nihilego,Rock  Poison,570,109,53,47,127,131,103
956,794,Buzzwole,Bug  Fighting,570,107,139,139,53,53,79
957,795,Pheromosa,Bug  Fighting,570,71,137,37,137,37,151
958,796,Xurkitree,Electric,570,83,89,71,173,71,83
959,797,Celesteela,Steel  Flying,570,97,101,103,107,101,61
960,798,Kartana,Grass  Steel,570,59,181,131,59,31,109
961,799,Guzzlord,Dark  Dragon,570,223,101,53,97,53,43
962,800,Necrozma,Psychic,600,97,107,101,127,89,79
963,800,Necrozma  Dusk Mane Necrozma,Psychic  Steel,680,97,157,127,113,109,77
964,800,Necrozma  Dawn Wings Necrozma,Psychic  Ghost,680,97,113,109,157,127,77
965,800,Necrozma  Ultra Necrozma,Psychic  Dragon,754,97,167,97,167,97,129
966,801,Magearna,Steel  Fairy,600,80,95,115,130,115,65
967,802,Marshadow,Fighting  Ghost,600,90,125,80,90,90,125
968,803,Poipole,Poison,420,67,73,67,73,67,73
969,804,Naganadel,Poison  Dragon,540,73,73,73,127,73,121
970,805,Stakataka,Rock  Steel,570,61,131,211,53,101,13
971,806,Blacephalon,Fire  Ghost,570,53,127,53,151,79,107
972,807,Zeraora,Electric,600,88,112,75,102,80,143
973,808,Meltan,Steel,300,46,65,65,55,35,34
974,809,Melmetal,Steel,600,135,143,143,80,65,34
975,810,Grookey,Grass,310,50,65,50,40,40,65
976,811,Thwackey,Grass,420,70,85,70,55,60,80
977,812,Rillaboom,Grass,530,100,125,90,60,70,85
978,813,Scorbunny,Fire,310,50,71,40,40,40,69
979,814,Raboot,Fire,420,65,86,60,55,60,94
980,815,Cinderace,Fire,530,80,116,75,65,75,119
981,816,Sobble,Water,310,50,40,40,70,40,70
982,817,Drizzile,Water,420,65,60,55,95,55,90
983,818,Inteleon,Water,530,70,85,65,125,65,120
984,819,Skwovet,Normal,275,70,55,55,35,35,25
985,820,Greedent,Normal,460,120,95,95,55,75,20
986,821,Rookidee,Flying,245,38,47,35,33,35,57
987,822,Corvisquire,Flying,365,68,67,55,43,55,77
988,823,Corviknight,Flying  Steel,495,98,87,105,53,85,67
989,824,Blipbug,Bug,180,25,20,20,25,45,45
990,825,Dottler,Bug  Psychic,335,50,35,80,50,90,30
991,826,Orbeetle,Bug  Psychic,505,60,45,110,80,120,90
992,827,Nickit,Dark,245,40,28,28,47,52,50
993,828,Thievul,Dark,455,70,58,58,87,92,90
994,829,Gossifleur,Grass,250,40,40,60,40,60,10
995,830,Eldegoss,Grass,460,60,50,90,80,120,60
996,831,Wooloo,Normal,270,42,40,55,40,45,48
997,832,Dubwool,Normal,490,72,80,100,60,90,88
998,833,Chewtle,Water,284,50,64,50,38,38,44
999,834,Drednaw,Water  Rock,485,90,115,90,48,68,74
1000,835,Yamper,Electric,270,59,45,50,40,50,26
1001,836,Boltund,Electric,490,69,90,60,90,60,121
1002,837,Rolycoly,Rock,240,30,40,50,40,50,30
1003,838,Carkol,Rock  Fire,410,80,60,90,60,70,50
1004,839,Coalossal,Rock  Fire,510,110,80,120,80,90,30
1005,840,Applin,Grass  Dragon,260,40,40,80,40,40,20
1006,841,Flapple,Grass  Dragon,485,70,110,80,95,60,70
1007,842,Appletun,Grass  Dragon,485,110,85,80,100,80,30
1008,843,Silicobra,Ground,315,52,57,75,35,50,46
1009,844,Sandaconda,Ground,510,72,107,125,65,70,71
1010,845,Cramorant,Flying  Water,475,70,85,55,85,95,85
1011,846,Arrokuda,Water,280,41,63,40,40,30,66
1012,847,Barraskewda,Water,490,61,123,60,60,50,136
1013,848,Toxel,Electric  Poison,242,40,38,35,54,35,40
1014,849,Toxtricity  Amped Form,Electric  Poison,502,75,98,70,114,70,75
1015,849,Toxtricity  Low Key Form,Electric  Poison,502,75,98,70,114,70,75
1016,850,Sizzlipede,Fire  Bug,305,50,65,45,50,50,45
1017,851,Centiskorch,Fire  Bug,525,100,115,65,90,90,65
1018,852,Clobbopus,Fighting,310,50,68,60,50,50,32
1019,853,Grapploct,Fighting,480,80,118,90,70,80,42
1020,854,Sinistea,Ghost,308,40,45,45,74,54,50
1021,855,Polteageist,Ghost,508,60,65,65,134,114,70
1022,856,Hatenna,Psychic,265,42,30,45,56,53,39
1023,857,Hattrem,Psychic,370,57,40,65,86,73,49
1024,858,Hatterene,Psychic  Fairy,510,57,90,95,136,103,29
1025,859,Impidimp,Dark  Fairy,265,45,45,30,55,40,50
1026,860,Morgrem,Dark  Fairy,370,65,60,45,75,55,70
1027,861,Grimmsnarl,Dark  Fairy,510,95,120,65,95,75,60
1028,862,Obstagoon,Dark  Normal,520,93,90,101,60,81,95
1029,863,Perrserker,Steel,440,70,110,100,50,60,50
1030,864,Cursola,Ghost,510,60,95,50,145,130,30
1031,865,Sirfetch'd,Fighting,507,62,135,95,68,82,65
1032,866,Mr. Rime,Ice  Psychic,520,80,85,75,110,100,70
1033,867,Runerigus,Ground  Ghost,483,58,95,145,50,105,30
1034,868,Milcery,Fairy,270,45,40,40,50,61,34
1035,869,Alcremie,Fairy,495,65,60,75,110,121,64
1036,870,Falinks,Fighting,470,65,100,100,70,60,75
1037,871,Pincurchin,Electric,435,48,101,95,91,85,15
1038,872,Snom,Ice  Bug,185,30,25,35,45,30,20
1039,873,Frosmoth,Ice  Bug,475,70,65,60,125,90,65
1040,874,Stonjourner,Rock,470,100,125,135,20,20,70
1041,875,Eiscue  Ice Face,Ice,470,75,80,110,65,90,50
1042,875,Eiscue  Noice Face,Ice,470,75,80,70,65,50,130
1043,876,Indeedee  Male,Psychic  Normal,475,60,65,55,105,95,95
1044,876,Indeedee  Female,Psychic  Normal,475,70,55,65,95,105,85
1045,877,Morpeko  Full Belly Mode,Electric  Dark,436,58,95,58,70,58,97
1046,877,Morpeko  Hangry Mode,Electric  Dark,436,58,95,58,70,58,97
1047,878,Cufant,Steel,330,72,80,49,40,49,40
1048,879,Copperajah,Steel,500,122,130,69,80,69,30
1049,880,Dracozolt,Electric  Dragon,505,90,100,90,80,70,75
1050,881,Arctozolt,Electric  Ice,505,90,100,90,90,80,55
1051,882,Dracovish,Water  Dragon,505,90,90,100,70,80,75
1052,883,Arctovish,Water  Ice,505,90,90,100,80,90,55
1053,884,Duraludon,Steel  Dragon,535,70,95,115,120,50,85
1054,885,Dreepy,Dragon  Ghost,270,28,60,30,40,30,82
1055,886,Drakloak,Dragon  Ghost,410,68,80,50,60,50,102
1056,887,Dragapult,Dragon  Ghost,600,88,120,75,100,75,142
1057,888,Zacian  Hero of Many Battles,Fairy,660,92,120,115,80,115,138
1058,888,Zacian  Crowned Sword,Fairy  Steel,700,92,150,115,80,115,148
1059,889,Zamazenta  Hero of Many Battles,Fighting,660,92,120,115,80,115,138
1060,889,Zamazenta  Crowned Shield,Fighting  Steel,700,92,120,140,80,140,128
1061,890,Eternatus,Poison  Dragon,690,140,85,95,145,95,130
1062,890,Eternatus  Eternamax,Poison  Dragon,1125,255,115,250,125,250,130
1063,891,Kubfu,Fighting,385,60,90,60,53,50,72
1064,892,Urshifu  Single Strike Style,Fighting  Dark,550,100,130,100,63,60,97
1065,892,Urshifu  Rapid Strike Style,Fighting  Water,550,100,130,100,63,60,97
1066,893,Zarude,Dark  Grass,600,105,120,105,70,95,105
1067,894,Regieleki,Electric,580,80,100,50,100,50,200
1068,895,Regidrago,Dragon,580,200,100,50,100,50,80
1069,896,Glastrier,Ice,580,100,145,130,65,110,30
1070,897,Spectrier,Ghost,580,100,65,60,145,80,130
1071,898,Calyrex,Psychic  Grass,500,100,80,80,80,80,80
1072,898,Calyrex  Ice Rider,Psychic  Ice,680,100,165,150,85,130,50
1073,898,Calyrex  Shadow Rider,Psychic  Ghost,680,100,85,80,165,100,150
1074,899,Wyrdeer,Normal  Psychic,525,103,105,72,105,75,65
1075,900,Kleavor,Bug  Rock,500,70,135,95,45,70,85
1076,901,Ursaluna,Ground  Normal,550,130,140,105,45,80,50
1077,901,Ursaluna  Bloodmoon,Ground  Normal,555,113,70,120,135,65,52
1078,902,Basculegion  Male,Water  Ghost,530,120,112,65,80,75,78
1079,902,Basculegion  Female,Water  Ghost,530,120,92,65,100,75,78
1080,903,Sneasler,Fighting  Poison,510,80,130,60,40,80,120
1081,904,Overqwil,Dark  Poison,510,85,115,95,65,65,85
1082,905,Enamorus  Incarnate Forme,Fairy  Flying,580,74,115,70,135,80,106
1083,905,Enamorus  Therian Forme,Fairy  Flying,580,74,115,110,135,100,46
1084,906,Sprigatito,Grass,310,40,61,54,45,45,65
1085,907,Floragato,Grass,410,61,80,63,60,63,83
1086,908,Meowscarada,Grass  Dark,530,76,110,70,81,70,123
1087,909,Fuecoco,Fire,310,67,45,59,63,40,36
1088,910,Crocalor,Fire,411,81,55,78,90,58,49
1089,911,Skeledirge,Fire  Ghost,530,104,75,100,110,75,66
1090,912,Quaxly,Water,310,55,65,45,50,45,50
1091,913,Quaxwell,Water,410,70,85,65,65,60,65
1092,914,Quaquaval,Water  Fighting,530,85,120,80,85,75,85
1093,915,Lechonk,Normal,254,54,45,40,35,45,35
1094,916,Oinkologne  Male,Normal,489,110,100,75,59,80,65
1095,916,Oinkologne  Female,Normal,489,115,90,70,59,90,65
1096,917,Tarountula,Bug,210,35,41,45,29,40,20
1097,918,Spidops,Bug,404,60,79,92,52,86,35
1098,919,Nymble,Bug,210,33,46,40,21,25,45
1099,920,Lokix,Bug  Dark,450,71,102,78,52,55,92
1100,921,Pawmi,Electric,240,45,50,20,40,25,60
1101,922,Pawmo,Electric  Fighting,350,60,75,40,50,40,85
1102,923,Pawmot,Electric  Fighting,490,70,115,70,70,60,105
1103,924,Tandemaus,Normal,305,50,50,45,40,45,75
1104,925,Maushold  Family of Four,Normal,470,74,75,70,65,75,111
1105,925,Maushold  Family of Three,Normal,470,74,75,70,65,75,111
1106,926,Fidough,Fairy,312,37,55,70,30,55,65
1107,927,Dachsbun,Fairy,477,57,80,115,50,80,95
1108,928,Smoliv,Grass  Normal,260,41,35,45,58,51,30
1109,929,Dolliv,Grass  Normal,354,52,53,60,78,78,33
1110,930,Arboliva,Grass  Normal,510,78,69,90,125,109,39
1111,931,Squawkabilly  Green Plumage,Normal  Flying,417,82,96,51,45,51,92
1112,931,Squawkabilly  Blue Plumage,Normal  Flying,417,82,96,51,45,51,92
1113,931,Squawkabilly  Yellow Plumage,Normal  Flying,417,82,96,51,45,51,92
1114,931,Squawkabilly  White Plumage,Normal  Flying,417,82,96,51,45,51,92
1115,932,Nacli,Rock,280,55,55,75,35,35,25
1116,933,Naclstack,Rock,355,60,60,100,35,65,35
1117,934,Garganacl,Rock,500,100,100,130,45,90,35
1118,935,Charcadet,Fire,255,40,50,40,50,40,35
1119,936,Armarouge,Fire  Psychic,525,85,60,100,125,80,75
1120,937,Ceruledge,Fire  Ghost,525,75,125,80,60,100,85
1121,938,Tadbulb,Electric,272,61,31,41,59,35,45
1122,939,Bellibolt,Electric,495,109,64,91,103,83,45
1123,940,Wattrel,Electric  Flying,280,40,40,35,55,40,70
1124,941,Kilowattrel,Electric  Flying,490,70,70,60,105,60,125
1125,942,Maschiff,Dark,340,60,78,60,40,51,51
1126,943,Mabosstiff,Dark,505,80,120,90,60,70,85
1127,944,Shroodle,Poison  Normal,290,40,65,35,40,35,75
1128,945,Grafaiai,Poison  Normal,485,63,95,65,80,72,110
1129,946,Bramblin,Grass  Ghost,275,40,65,30,45,35,60
1130,947,Brambleghast,Grass  Ghost,480,55,115,70,80,70,90
1131,948,Toedscool,Ground  Grass,335,40,40,35,50,100,70
1132,949,Toedscruel,Ground  Grass,515,80,70,65,80,120,100
1133,950,Klawf,Rock,450,70,100,115,35,55,75
1134,951,Capsakid,Grass,304,50,62,40,62,40,50
1135,952,Scovillain,Grass  Fire,486,65,108,65,108,65,75
1136,953,Rellor,Bug,270,41,50,60,31,58,30
1137,954,Rabsca,Bug  Psychic,470,75,50,85,115,100,45
1138,955,Flittle,Psychic,255,30,35,30,55,30,75
1139,956,Espathra,Psychic,481,95,60,60,101,60,105
1140,957,Tinkatink,Fairy  Steel,297,50,45,45,35,64,58
1141,958,Tinkatuff,Fairy  Steel,380,65,55,55,45,82,78
1142,959,Tinkaton,Fairy  Steel,506,85,75,77,70,105,94
1143,960,Wiglett,Water,245,10,55,25,35,25,95
1144,961,Wugtrio,Water,425,35,100,50,50,70,120
1145,962,Bombirdier,Flying  Dark,485,70,103,85,60,85,82
1146,963,Finizen,Water,315,70,45,40,45,40,75
1147,964,Palafin  Zero Form,Water,457,100,70,72,53,62,100
1148,964,Palafin  Hero Form,Water,650,100,160,97,106,87,100
1149,965,Varoom,Steel  Poison,300,45,70,63,30,45,47
1150,966,Revavroom,Steel  Poison,500,80,119,90,54,67,90
1151,967,Cyclizar,Dragon  Normal,501,70,95,65,85,65,121
1152,968,Orthworm,Steel,480,70,85,145,60,55,65
1153,969,Glimmet,Rock  Poison,350,48,35,42,105,60,60
1154,970,Glimmora,Rock  Poison,525,83,55,90,130,81,86
1155,971,Greavard,Ghost,290,50,61,60,30,55,34
1156,972,Houndstone,Ghost,488,72,101,100,50,97,68
1157,973,Flamigo,Flying  Fighting,500,82,115,74,75,64,90
1158,974,Cetoddle,Ice,334,108,68,45,30,40,43
1159,975,Cetitan,Ice,521,170,113,65,45,55,73
1160,976,Veluza,Water  Psychic,478,90,102,73,78,65,70
1161,977,Dondozo,Water,530,150,100,115,65,65,35
1162,978,Tatsugiri  Curly Form,Dragon  Water,475,68,50,60,120,95,82
1163,978,Tatsugiri  Droopy Form,Dragon  Water,475,68,50,60,120,95,82
1164,978,Tatsugiri  Stretchy Form,Dragon  Water,475,68,50,60,120,95,82
1165,979,Annihilape,Fighting  Ghost,535,110,115,80,50,90,90
1166,980,Clodsire,Poison  Ground,430,130,75,60,45,100,20
1167,981,Farigiraf,Normal  Psychic,520,120,90,70,110,70,60
1168,982,Dudunsparce  Two-Segment Form,Normal,520,125,100,80,85,75,55
1169,982,Dudunsparce  Three-Segment Form,Normal,520,125,100,80,85,75,55
1170,983,Kingambit,Dark  Steel,550,100,135,120,60,85,50
1171,984,Great Tusk,Ground  Fighting,570,115,131,131,53,53,87
1172,985,Scream Tail,Fairy  Psychic,570,115,65,99,65,115,111
1173,986,Brute Bonnet,Grass  Dark,570,111,127,99,79,99,55
1174,987,Flutter Mane,Ghost  Fairy,570,55,55,55,135,135,135
1175,988,Slither Wing,Bug  Fighting,570,85,135,79,85,105,81
1176,989,Sandy Shocks,Electric  Ground,570,85,81,97,121,85,101
1177,990,Iron Treads,Ground  Steel,570,90,112,120,72,70,106
1178,991,Iron Bundle,Ice  Water,570,56,80,114,124,60,136
1179,992,Iron Hands,Fighting  Electric,570,154,140,108,50,68,50
1180,993,Iron Jugulis,Dark  Flying,570,94,80,86,122,80,108
1181,994,Iron Moth,Fire  Poison,570,80,70,60,140,110,110
1182,995,Iron Thorns,Rock  Electric,570,100,134,110,70,84,72
1183,996,Frigibax,Dragon  Ice,320,65,75,45,35,45,55
1184,997,Arctibax,Dragon  Ice,423,90,95,66,45,65,62
1185,998,Baxcalibur,Dragon  Ice,600,115,145,92,75,86,87
1186,999,Gimmighoul  Chest Form,Ghost,300,45,30,70,75,70,10
1187,999,Gimmighoul  Roaming Form,Ghost,300,45,30,25,75,45,80
1188,1000,Gholdengo,Steel  Ghost,550,87,60,95,133,91,84
1189,1001,Wo-Chien,Dark  Grass,570,85,85,100,95,135,70
1190,1002,Chien-Pao,Dark  Ice,570,80,120,80,90,65,135
1191,1003,Ting-Lu,Dark  Ground,570,155,110,125,55,80,45
1192,1004,Chi-Yu,Dark  Fire,570,55,80,80,135,120,100
1193,1005,Roaring Moon,Dragon  Dark,590,105,139,71,55,101,119
1194,1006,Iron Valiant,Fairy  Fighting,590,74,130,90,120,60,116
1195,1007,Koraidon,Fighting  Dragon,670,100,135,115,85,100,135
1196,1008,Miraidon,Electric  Dragon,670,100,85,100,135,115,135
1197,1009,Walking Wake,Water  Dragon,590,99,83,91,125,83,109
1198,1010,Iron Leaves,Grass  Psychic,590,90,130,88,70,108,104
1199,1011,Dipplin,Grass  Dragon,485,80,80,110,95,80,40
1200,1012,Poltchageist,Grass  Ghost,308,40,45,45,74,54,50
1201,1013,Sinistcha,Grass  Ghost,508,71,60,106,121,80,70
1202,1014,Okidogi,Poison  Fighting,555,88,128,115,58,86,80
1203,1015,Munkidori,Poison  Psychic,555,88,75,66,130,90,106
1204,1016,Fezandipiti,Poison  Fairy,555,88,91,82,70,125,99
1205,1017,Ogerpon  Teal Mask,Grass,550,80,120,84,60,96,110
1206,1017,Ogerpon  Wellspring Mask,Grass  Water,550,80,120,84,60,96,110
1207,1017,Ogerpon  Hearthflame Mask,Grass  Fire,550,80,120,84,60,96,110
1208,1017,Ogerpon  Cornerstone Mask,Grass  Rock,550,80,120,84,60,96,110
1209,1018,Archaludon,Steel  Dragon,600,90,105,130,125,65,85
1210,1019,Hydrapple,Grass  Dragon,540,106,80,110,120,80,44
1211,1020,Gouging Fire,Fire  Dragon,590,105,115,121,65,93,91
1212,1021,Raging Bolt,Electric  Dragon,590,125,73,91,137,89,75
1213,1022,Iron Boulder,Rock  Psychic,590,90,120,80,68,108,124
1214,1023,Iron Crown,Steel  Psychic,590,90,72,100,122,108,98
1215,1024,Terapagos  Normal Form,Normal,450,90,65,85,65,85,60
1216,1024,Terapagos  Terastal Form,Normal,600,95,95,110,105,110,85
1217,1024,Terapagos  Stellar Form,Normal,700,160,105,110,130,110,85
1218,1025,Pecharunt,Poison  Ghost,600,88,88,160,88,88,88
